INSERT INTO `HT_ELECTRONICTAG_ROLE` (`ID`,`CREATE_DATE_TIME`,`CREATE_USER_ACCOUNT`,`UPDATE_DATE_TIME`,`UPDATE_USER_ACCOUNT`,`ROLE_DESC`,`ROLE_NAME`,`ROLE_STATUS`) values ('2','${date?string("yyyy-MM-dd HH:mm:ss")}','sysadmin','${date?string("yyyy-MM-dd HH:mm:ss")}','sysadmin','拥有系统组织架构、系统参数设置、终端管理权限','系统管理员',1);
INSERT INTO `HT_ELECTRONICTAG_ROLE` (`ID`,`CREATE_DATE_TIME`,`CREATE_USER_ACCOUNT`,`UPDATE_DATE_TIME`,`UPDATE_USER_ACCOUNT`,`ROLE_DESC`,`ROLE_NAME`,`ROLE_STATUS`) values ('3','${date?string("yyyy-MM-dd HH:mm:ss")}','sysadmin','${date?string("yyyy-MM-dd HH:mm:ss")}','sysadmin','拥有系统安全策略相关管理权限','安全管理员',1);
INSERT INTO `HT_ELECTRONICTAG_ROLE` (`ID`,`CREATE_DATE_TIME`,`CREATE_USER_ACCOUNT`,`UPDATE_DATE_TIME`,`UPDATE_USER_ACCOUNT`,`ROLE_DESC`,`ROLE_NAME`,`ROLE_STATUS`) values ('4','${date?string("yyyy-MM-dd HH:mm:ss")}','sysadmin','${date?string("yyyy-MM-dd HH:mm:ss")}','sysadmin','拥有系统日志审计权限','安全审计员',1);
INSERT INTO `HT_ELECTRONICTAG_ROLE` (`ID`,`CREATE_DATE_TIME`,`CREATE_USER_ACCOUNT`,`UPDATE_DATE_TIME`,`UPDATE_USER_ACCOUNT`,`ROLE_DESC`,`ROLE_NAME`,`ROLE_STATUS`) values ('5','${date?string("yyyy-MM-dd HH:mm:ss")}','sysadmin','${date?string("yyyy-MM-dd HH:mm:ss")}','sysadmin','无系统管理权限','普通用户', 0);
INSERT INTO `HT_ELECTRONICTAG_USER_ROLE_AUTHORITY` (`ID`,`CREATE_DATE_TIME`,`CREATE_USER_ACCOUNT`,`UPDATE_DATE_TIME`,`UPDATE_USER_ACCOUNT`,`ROLE_ID`,`AUTHORITY_NAME`) VALUES ('6','${date?string("yyyy-MM-dd HH:mm:ss")}','sysadmin','${date?string("yyyy-MM-dd HH:mm:ss")}','sysadmin','2','admin:org'),('7','${date?string("yyyy-MM-dd HH:mm:ss")}','sysadmin','${date?string("yyyy-MM-dd HH:mm:ss")}','sysadmin','2','admin:system'),('8','${date?string("yyyy-MM-dd HH:mm:ss")}','sysadmin','${date?string("yyyy-MM-dd HH:mm:ss")}','sysadmin','2','admin:system:paramset'),('9','${date?string("yyyy-MM-dd HH:mm:ss")}','sysadmin','${date?string("yyyy-MM-dd HH:mm:ss")}','sysadmin','2','admin:system:whitelist'),('10','${date?string("yyyy-MM-dd HH:mm:ss")}','sysadmin','${date?string("yyyy-MM-dd HH:mm:ss")}','sysadmin','2','admin:system:backup'),('11','${date?string("yyyy-MM-dd HH:mm:ss")}','sysadmin','${date?string("yyyy-MM-dd HH:mm:ss")}','sysadmin','2','admin:data:grade'),('12','${date?string("yyyy-MM-dd HH:mm:ss")}','sysadmin','${date?string("yyyy-MM-dd HH:mm:ss")}','sysadmin','2','admin:strategy:group'),('13','${date?string("yyyy-MM-dd HH:mm:ss")}','sysadmin','${date?string("yyyy-MM-dd HH:mm:ss")}','sysadmin','2','admin:strategy:list'),('14','${date?string("yyyy-MM-dd HH:mm:ss")}','sysadmin','${date?string("yyyy-MM-dd HH:mm:ss")}','sysadmin','2','admin:data:classify'),('15','${date?string("yyyy-MM-dd HH:mm:ss")}','sysadmin','${date?string("yyyy-MM-dd HH:mm:ss")}','sysadmin','2','admin:strategy:rule'),('16','${date?string("yyyy-MM-dd HH:mm:ss")}','sysadmin','${date?string("yyyy-MM-dd HH:mm:ss")}','sysadmin','2','admin:strategy:mask'),('17','${date?string("yyyy-MM-dd HH:mm:ss")}','sysadmin','${date?string("yyyy-MM-dd HH:mm:ss")}','sysadmin','2','admin:data:identifier'),('18','${date?string("yyyy-MM-dd HH:mm:ss")}','sysadmin','${date?string("yyyy-MM-dd HH:mm:ss")}','sysadmin','2','admin:strategy:terminal');
INSERT INTO `HT_ELECTRONICTAG_USER_ROLE_AUTHORITY` (`ID`,`CREATE_DATE_TIME`,`CREATE_USER_ACCOUNT`,`UPDATE_DATE_TIME`,`UPDATE_USER_ACCOUNT`,`ROLE_ID`,`AUTHORITY_NAME`) VALUES ('18','${date?string("yyyy-MM-dd HH:mm:ss")}','sysadmin','${date?string("yyyy-MM-dd HH:mm:ss")}','sysadmin','3','admin:log:file'),('19','${date?string("yyyy-MM-dd HH:mm:ss")}','sysadmin','${date?string("yyyy-MM-dd HH:mm:ss")}','sysadmin','3','admin:log:alarm'),('20','${date?string("yyyy-MM-dd HH:mm:ss")}','sysadmin','${date?string("yyyy-MM-dd HH:mm:ss")}','sysadmin','3','admin:security'),('22','${date?string("yyyy-MM-dd HH:mm:ss")}','sysadmin','${date?string("yyyy-MM-dd HH:mm:ss")}','sysadmin','3','admin:security:permission'),('24','${date?string("yyyy-MM-dd HH:mm:ss")}','sysadmin','${date?string("yyyy-MM-dd HH:mm:ss")}','sysadmin','3','admin:security:program'),('25','${date?string("yyyy-MM-dd HH:mm:ss")}','sysadmin','${date?string("yyyy-MM-dd HH:mm:ss")}','sysadmin','3','admin:security:control');
INSERT INTO `HT_ELECTRONICTAG_USER_ROLE_AUTHORITY` (`ID`,`CREATE_DATE_TIME`,`CREATE_USER_ACCOUNT`,`UPDATE_DATE_TIME`,`UPDATE_USER_ACCOUNT`,`ROLE_ID`,`AUTHORITY_NAME`) VALUES ('26','${date?string("yyyy-MM-dd HH:mm:ss")}','sysadmin','${date?string("yyyy-MM-dd HH:mm:ss")}','sysadmin','4','admin:log:manage');
INSERT INTO `HT_ELECTRONICTAG_USER_ROLE_AUTHORITY` (`ID`,`CREATE_DATE_TIME`,`CREATE_USER_ACCOUNT`,`UPDATE_DATE_TIME`,`UPDATE_USER_ACCOUNT`,`ROLE_ID`,`AUTHORITY_NAME`) VALUES ('27','${date?string("yyyy-MM-dd HH:mm:ss")}','sysadmin','${date?string("yyyy-MM-dd HH:mm:ss")}','sysadmin','5','admin:user'),('28','${date?string("yyyy-MM-dd HH:mm:ss")}','sysadmin','${date?string("yyyy-MM-dd HH:mm:ss")}','sysadmin','5','admin:flow:approveapprove');
INSERT INTO `HT_ELECTRONICTAG_USER`(`ID`,`CREATE_DATE_TIME`,`CREATE_USER_ACCOUNT`,`UPDATE_DATE_TIME`,`UPDATE_USER_ACCOUNT`,`USER_ISDISABLE`,`USER_ISLOCKED`,`USER_LOCKED_DATE_TIME`,`USER_LOGIN_DATE_TIME`,`USER_LOGIN_FAILURE_COUNT`,`USER_PASSWORD`,`USER_ROLE_ID`,`USER_NAME`,`USER_ACCOUNT`,`USER_M_LEVEL`,`USER_PWD_USER`,`USER_STATUS`,`USER_IS_SYSTEM`)VALUES('100','${date?string("yyyy-MM-dd HH:mm:ss")}','sysadmin','${date?string("yyyy-MM-dd HH:mm:ss")}','sysadmin',0,0,null,null,0,'52b9cb21ad3a31a0f980862892048589','2','系统管理员','sysadmin',0,'sysadmin',0,1);
INSERT INTO `HT_ELECTRONICTAG_USER`(`ID`,`CREATE_DATE_TIME`,`CREATE_USER_ACCOUNT`,`UPDATE_DATE_TIME`,`UPDATE_USER_ACCOUNT`,`USER_ISDISABLE`,`USER_ISLOCKED`,`USER_LOCKED_DATE_TIME`,`USER_LOGIN_DATE_TIME`,`USER_LOGIN_FAILURE_COUNT`,`USER_PASSWORD`,`USER_ROLE_ID`,`USER_NAME`,`USER_ACCOUNT`,`USER_M_LEVEL`,`USER_PWD_USER`,`USER_STATUS`,`USER_IS_SYSTEM`)VALUES('2000','${date?string("yyyy-MM-dd HH:mm:ss")}','sysadmin','${date?string("yyyy-MM-dd HH:mm:ss")}','sysadmin',0,0,null,null,0,'234a15aa1a9280c6e229c7b990a479d1','3','安全管理员','safeadmin',0,'safeadmin',0,1);
INSERT INTO `HT_ELECTRONICTAG_USER`(`ID`,`CREATE_DATE_TIME`,`CREATE_USER_ACCOUNT`,`UPDATE_DATE_TIME`,`UPDATE_USER_ACCOUNT`,`USER_ISDISABLE`,`USER_ISLOCKED`,`USER_LOCKED_DATE_TIME`,`USER_LOGIN_DATE_TIME`,`USER_LOGIN_FAILURE_COUNT`,`USER_PASSWORD`,`USER_ROLE_ID`,`USER_NAME`,`USER_ACCOUNT`,`USER_M_LEVEL`,`USER_PWD_USER`,`USER_STATUS`,`USER_IS_SYSTEM`)VALUES('3000','${date?string("yyyy-MM-dd HH:mm:ss")}','sysadmin','${date?string("yyyy-MM-dd HH:mm:ss")}','sysadmin',0,0,null,null,0,'9b2a9bd7a6b5cf82a7f4c9e66e0c6aba','4','日志管理员','auditadmin',0,'auditadmin',0,1);
INSERT INTO `HT_ELECTRONICTAG_DEPARTMENT`(`ID`,`CREATE_DATE_TIME`,`CREATE_USER_ACCOUNT`,`UPDATE_DATE_TIME`,`UPDATE_USER_ACCOUNT`,`DEPT_DESC`,`DEPT_NAME`,`DEPT_PID`,`DEPT_STATUS`)VALUES('00000000000000000000000000000000','${date?string("yyyy-MM-dd HH:mm:ss")}','sysadmin','${date?string("yyyy-MM-dd HH:mm:ss")}','admin','系统默认','组织架构','0',0);